{"mass_total": 98.17359657413441, "wing_span": 7.315200073136843, "wing_root_chord": 3.213931360575457, "propeller_diameter": 3.0480000227047874, "power_out_max": 577.0330602916813, "n_ribs_wing": 12.98129772841861}