{"mass_total": 98.56501606431335, "wing_span": 7.315200073144866, "wing_root_chord": 3.4281398837206516, "propeller_diameter": 3.0480000294345646, "power_out_max": 466.67281986902543, "n_ribs_wing": 11.867933435601568}